{"cameraMode":{"drawMode":0,"name":"Shaded","section":"Shading Mode"},"sceneLighting":true,"audioPlay":false,"sceneViewState":{"m_AlwaysRefresh":true,"showFog":true,"showSkybox":false,"showFlares":true,"showImageEffects":true,"showParticleSystems":true,"showVisualEffectGraphs":true,"m_FxEnabled":false},"in2DMode":false,"pivot":{"x":-16.737207412719728,"y":6.838058948516846,"z":2.2533857822418215},"rotation":{"x":0.2649820148944855,"y":0.4310239851474762,"z":-0.13404038548469544,"w":0.8520841598510742},"size":0.0022227424196898939,"orthographic":false}