{"cameraMode":{"drawMode":0,"name":"Shaded","section":"Shading Mode"},"sceneLighting":true,"audioPlay":false,"sceneViewState":{"m_AlwaysRefresh":true,"showFog":true,"showSkybox":false,"showFlares":true,"showImageEffects":true,"showParticleSystems":true,"showVisualEffectGraphs":true,"m_FxEnabled":false},"in2DMode":false,"pivot":{"x":-10.949440002441407,"y":1.8920032978057862,"z":3.7993533611297609},"rotation":{"x":0.11820049583911896,"y":0.23015034198760987,"z":-0.02816256321966648,"w":0.9655460715293884},"size":1.9499481916427613,"orthographic":false}