{"cameraMode":{"drawMode":0,"name":"Shaded","section":"Shading Mode"},"sceneLighting":true,"audioPlay":false,"sceneViewState":{"m_AlwaysRefresh":true,"showFog":false,"showSkybox":false,"showFlares":true,"showImageEffects":true,"showParticleSystems":true,"showVisualEffectGraphs":true,"m_FxEnabled":false},"in2DMode":false,"pivot":{"x":-40.617679595947269,"y":-1.407884120941162,"z":2.2899580001831056},"rotation":{"x":0.022303501144051553,"y":-0.6694168448448181,"z":0.020057637244462968,"w":0.7423095107078552},"size":12.215547561645508,"orthographic":false}