{"cameraMode":{"drawMode":0,"name":"Shaded","section":"Shading Mode"},"sceneLighting":false,"audioPlay":false,"sceneViewState":{"m_AlwaysRefresh":true,"showFog":true,"showSkybox":false,"showFlares":true,"showImageEffects":true,"showParticleSystems":true,"showVisualEffectGraphs":true,"m_FxEnabled":false},"in2DMode":false,"pivot":{"x":224.12106323242188,"y":218.379150390625,"z":-329.2041320800781},"rotation":{"x":0.05547172576189041,"y":0.004815112799406052,"z":-0.0002492294297553599,"w":0.9984620213508606},"size":85.6140365600586,"orthographic":false}