{"cameraMode":{"drawMode":0,"name":"Shaded","section":"Shading Mode"},"sceneLighting":true,"audioPlay":false,"sceneViewState":{"m_AlwaysRefresh":true,"showFog":true,"showSkybox":false,"showFlares":true,"showImageEffects":true,"showParticleSystems":true,"showVisualEffectGraphs":true,"m_FxEnabled":false},"in2DMode":false,"pivot":{"x":22.13743019104004,"y":-10.169532775878907,"z":1.8777979612350464},"rotation":{"x":0.13429401814937592,"y":0.6824897527694702,"z":-0.12971320748329163,"w":0.7066605091094971},"size":18.360790252685548,"orthographic":false}