{"cameraMode":{"drawMode":0,"name":"Shaded","section":"Shading Mode"},"sceneLighting":true,"audioPlay":false,"sceneViewState":{"m_AlwaysRefresh":true,"showFog":false,"showSkybox":false,"showFlares":true,"showImageEffects":true,"showParticleSystems":true,"showVisualEffectGraphs":true,"m_FxEnabled":false},"in2DMode":false,"pivot":{"x":-25.16592788696289,"y":3.244408130645752,"z":11.782342910766602},"rotation":{"x":0.010856746695935727,"y":0.9859849810600281,"z":-0.15053024888038636,"w":0.07111390680074692},"size":12.15163516998291,"orthographic":false}