{"cameraMode":{"drawMode":0,"name":"Shaded","section":"Shading Mode"},"sceneLighting":true,"audioPlay":false,"sceneViewState":{"m_AlwaysRefresh":true,"showFog":true,"showSkybox":false,"showFlares":true,"showImageEffects":true,"showParticleSystems":true,"showVisualEffectGraphs":true,"m_FxEnabled":false},"in2DMode":false,"pivot":{"x":-15.373284339904786,"y":2.613891839981079,"z":0.5383329391479492},"rotation":{"x":0.03945174813270569,"y":-0.6324706077575684,"z":0.03228452801704407,"w":0.7729149460792542},"size":0.014405623078346253,"orthographic":false}