{"cameraMode":{"drawMode":0,"name":"Shaded","section":"Shading Mode"},"sceneLighting":true,"audioPlay":false,"sceneViewState":{"m_AlwaysRefresh":true,"showFog":true,"showSkybox":false,"showFlares":true,"showImageEffects":true,"showParticleSystems":true,"showVisualEffectGraphs":true,"m_FxEnabled":false},"in2DMode":false,"pivot":{"x":658.5989379882813,"y":166.512451171875,"z":61.195396423339847},"rotation":{"x":0.05184603109955788,"y":0.15425901114940644,"z":0.008106338791549206,"w":-0.986638069152832},"size":109.98672485351563,"orthographic":false}